Manufacturer,Model,Weight_pred
Audi,100,3695.7455429799497
Pontiac,Sunbird,2714.9055398419896
Chevrolet,Lumina,3143.911024839316
Mazda,RX-7,2895.000000000001
Volkswagen,Fox,2281.078176253175
