Manufacturer,Model,Weight_pred
Audi,100,3477.095987429456
Pontiac,Sunbird,2680.6439297565576
Chevrolet,Lumina,3157.700333452182
Mazda,RX-7,2895.0000000000005
Volkswagen,Fox,2253.4612115326
