Manufacturer,Model,Weight_pred
Audi,100,3354.763827031246
Pontiac,Sunbird,2652.5132862592295
Chevrolet,Lumina,3057.0417285437466
Mazda,RX-7,3269.371880012727
Volkswagen,Fox,2242.3783020584474
